session_id,user_id,user_input,ai_output,timestamp
20251110-035105-5cb20620,,what is ransomware?,"You haven't taught me that yet. Should we switch our topic to ""ransomware,"" or stay with ""Blu the dog""? 

Sources:
Documents: None.
Teacher dialogs: None.
Student Chats: None.",2025-11-10T03:51:12.680968
20251110-215008-43499a65,,Hello,Hello! What topic would you like to teach me today?,2025-11-10T21:50:16.174596
20251110-215008-43499a65,,I want to teach you about database structures,"Understood! The topic is ""database structures."" You haven’t taught me anything yet. What would you like to teach me first?",2025-11-10T21:50:50.270508
20251110-215008-43499a65,,"Database structures are how data is organized in a database, with common structures","Database structures refer to the way data is organized within a database, which can involve various configurations to effectively manage and retrieve that data. Could you explain more about the common types of database structures? 

Sources:
Documents: None.
Teacher dialogs: ""Database structures are how data is organized in a database, with common structures.""
Student Chats: None.",2025-11-10T21:52:00.328058
20251110-215008-43499a65,,"Database structures are how data is organized in a database, with common structures","Database structures are the ways in which data is organized within a database, with various common structures available for use. Could you explain what some of these common database structures are? 

Sources:
Documents: None.
Teacher dialogs: ""Database structures are how data is organized in a database, with common structures.""
Student Chats: None.",2025-11-10T21:52:00.711260
20251110-215008-43499a65,,"The five major components of a database are hardware, software, data, procedure, and database access language.","The five major components of a database are hardware, software, data, procedures, and database access language. Could you explain what each of these components entails? 

Sources:
Documents: None.
Teacher dialogs: ""The five major components of a database are hardware, software, data, procedure, and database access language.""
Student Chats: None.",2025-11-10T21:52:35.984268
20251110-215008-43499a65,,what do you know about database structures,"Database structures refer to how data is organized within a database, encompassing configurations that facilitate effective management and retrieval of that data. The five major components of a database are hardware, software, data, procedure, and database access language. 

Could you explain what each of these components entails?

Sources:
Documents: None.
Teacher dialogs: ""Database structures are how data is organized in a database, with common structures."" ""The five major components of a database are hardware, software, data, procedure, and database access language.""
Student Chats: None.",2025-11-10T21:53:07.455077
20251110-215406-af226c0e,,I want to teach you about database structures,"Understood! The topic is ""database structures."" You haven’t taught me anything yet. What would you like to teach me first?",2025-11-10T21:54:10.376963
20251110-215406-af226c0e,,what have you learned about database structures,"Database structures refer to how data is organized within a database, encompassing configurations that facilitate effective management and retrieval of that data. The five major components of a database are hardware, software, data, procedure, and database access language. 

I would like to learn more about the common types of database structures. Could you explain what some of these common structures are?

Sources:
Documents: None.
Teacher dialogs: ""Database structures are how data is organized in a database, with common structures."" 
Student Chats: None.",2025-11-10T21:54:53.085851
20251110-223513-4e6c8249,,I want to teach you about algorithm analysis,"Understood! The topic is ""algorithm analysis."" What would you like to teach me first? 

Sources:
No relevant prior source found in documents or chats.",2025-11-10T22:35:28.048127
20251110-223513-4e6c8249,,"Algorithm analysis is the process of determining the computational complexity of an algorithm, which measures the resources like time and storage it consumes.","Algorithm analysis is the process of determining the computational complexity of an algorithm, measuring resources such as time and storage it consumes. Could you explain how we measure time complexity versus space complexity? 

Sources:
Documents: None.
Teacher dialogs: ""Algorithm analysis is the process of determining the computational complexity of an algorithm, which measures the resources like time and storage it consumes.""
Student Chats: None.",2025-11-10T22:37:50.171719
20251110-223808-f49f43de,,I want to teach you about algorithm analysis,"Understood! The topic is ""algorithm analysis."" What would you like to teach me first?",2025-11-10T22:38:12.379924
20251110-223808-f49f43de,,What have you learned so far,"So far, I understand that the topic is ""algorithm analysis,"" but no specific content has been taught yet. Could you share the first concept or idea related to algorithm analysis?

Sources:
No relevant prior source found in documents or chats.",2025-11-10T22:38:26.886049
20251110-223808-f49f43de,,What do you know about algorithm analysis,"Algorithm analysis is the process of determining the computational complexity of an algorithm, which measures the resources like time and storage it consumes. 

Could you explain how we measure time complexity versus space complexity? 

Sources:
Teacher dialogs: ""Algorithm analysis is the process of determining the computational complexity of an algorithm, which measures the resources like time and storage it consumes.""
Student Chats: None.",2025-11-10T22:39:43.207504
20251110-225331-7f9d3bdf,,I want to teach you about Machine learning,"Understood! The topic is ""Machine learning."" What would you like to teach me first?",2025-11-10T22:53:37.674179
20251110-225331-7f9d3bdf,,So Machine learning is a subset of artificial intelligence where algorithms learn patterns from data to make predictions or decisions with minimal human intervention.,"Machine learning is a subset of artificial intelligence where algorithms analyze data to identify patterns and make predictions or decisions with little to no human interference. Can you explain more about the types of algorithms used in machine learning? 

Sources:
None.",2025-11-10T22:54:07.682708
20251110-225331-7f9d3bdf,,What have you learned so far,"So far, I understand that machine learning is a subset of artificial intelligence where algorithms learn patterns from data to make predictions or decisions with minimal human intervention. Could you explain more about the types of algorithms used in machine learning?

Sources:
None.",2025-11-10T22:54:39.863854
20251110-225456-55d7a4ba,,I want to teach you about Machine learning,"Understood! The topic is ""Machine learning."" What would you like to teach me first?",2025-11-10T22:55:01.079415
20251110-225456-55d7a4ba,,What do you know about machine learning,"So far, I understand that machine learning is a subset of artificial intelligence where algorithms learn patterns from data to make predictions or decisions with minimal human intervention. I would like to learn more about the types of algorithms used in machine learning. Could you explain those to me? 

Sources:
No relevant prior source found in documents or chats.",2025-11-10T22:55:23.133668
20251110-231407-78dbd77a,,I want to learn about machine learning,"Understood! The topic is ""Machine learning."" What would you like to teach me first?",2025-11-10T23:14:13.728720
20251110-231407-78dbd77a,,What have you learned about machine learning,"So far, I understand that machine learning is a subset of artificial intelligence where algorithms learn patterns from data to make predictions or decisions with minimal human intervention. I would like to learn more about the types of algorithms used in machine learning. Could you explain those to me?

Sources:
No relevant prior source found in documents or chats.",2025-11-10T23:14:30.531482
20251110-231519-601b3830,,I want to teach you about natural language processing,"Understood! The topic is ""natural language processing."" What would you like to teach me first?",2025-11-10T23:15:34.570877
20251110-231519-601b3830,,"NLP can refer to Natural Language Processing, an AI field focused on computers understanding and generating human language, or Neuro-Linguistic Programming, a personal development and communication technique.","NLP can refer to two main areas: Natural Language Processing, which is focused on computers understanding and generating human language, and Neuro-Linguistic Programming, which is a technique for personal development and communication. Could you explain more about how Natural Language Processing works in practice? 

Sources:
None.",2025-11-10T23:15:47.239605
20251110-231519-601b3830,,"Natural Language Processing (NLP) powers technologies like virtual assistants (Siri, Google Assistant)","NLP enables technologies such as virtual assistants like Siri and Google Assistant to understand and respond to human language. This involves analyzing spoken or written input and generating appropriate responses. Could you explain more about the specific techniques or methods used in Natural Language Processing? 

Sources:
None.",2025-11-10T23:16:24.663226
20251110-231631-ec293606,,Hello,Hello! What topic would you like to teach me today?,2025-11-10T23:16:35.417426
20251110-231631-ec293606,,I would like to teach you about natural language processing,"Understood! The topic is ""natural language processing."" What would you like to teach me first?",2025-11-10T23:16:56.339004
20251110-231631-ec293606,,What have you learned about natural language processing,"So far, I understand that Natural Language Processing (NLP) is a field of artificial intelligence focused on enabling computers to understand and generate human language. It powers technologies like virtual assistants such as Siri and Google Assistant, facilitating the analysis of spoken or written input and the generation of appropriate responses. 

Could you explain more about the specific techniques used in Natural Language Processing? 

Sources:
None.",2025-11-10T23:17:17.811109
20251110-231631-ec293606,,"Neuro-Linguistic Programming (NLP) is often used in areas like business coaching, public speaking, and psychotherapy by applying reframing techniques to change thought and behavior.",,2025-11-10T23:30:20.133943
20251110-231631-ec293606,,What have you learned about natural language processing,"So far, I understand that Natural Language Processing (NLP) is a field of artificial intelligence focused on enabling computers to understand and generate human language. It powers technologies like virtual assistants such as Siri and Google Assistant, facilitating the analysis of spoken or written input and the generation of appropriate responses. 

Could you explain more about the specific techniques used in Natural Language Processing? 

Sources: 
- Conversation history with the teacher about NLP and its applications.",2025-11-10T23:30:51.920837
20251110-231631-ec293606,,what is Neuro-Linguistic Programming (NLP),"Neuro-Linguistic Programming (NLP) is often used in areas like business coaching, public speaking, and psychotherapy by applying reframing techniques to change thought and behavior. 

Could you explain more about how these reframing techniques work in practice? 

Sources:
- Conversation history about NLP and its applications.",2025-11-10T23:31:11.772659
20251111-002829-119d1ee3,,What have you learned about NLP,"So far, I understand that Natural Language Processing (NLP) is a field of artificial intelligence focused on enabling computers to understand and generate human language. It powers technologies like virtual assistants such as Siri and Google Assistant, facilitating the analysis of spoken or written input and the generation of appropriate responses.

Could you explain more about the specific techniques used in Natural Language Processing?",2025-11-11T00:28:36.767960
20251111-002829-119d1ee3,,What do you know about ransomeware,"You haven’t taught me yet, but I can see this in the documents: 

Ransomware is a form of malicious software that locks, encrypts, or restricts access to data and demands payment for its release. It typically follows a pattern involving an infection vector, execution, encryption, ransom demand, and threats of exposure. Organizations that rely heavily on data continuity, such as hospitals and schools, are often targeted.",2025-11-11T00:49:19.585174
20251111-171618-cd5e9451,,I want to teach you about machine vision,Understood! The topic is machine vision.,2025-11-11T17:16:46.278314
20251111-171618-cd5e9451,,Machine vision is increasingly used in forensic science and commercial applications related to firearms and ammunition.,"Machine vision is increasingly used in forensic science and commercial applications related to firearms and ammunition. 

Could you explain which specific machine vision techniques are commonly used in firearm forensics and what unique challenges these applications present?",2025-11-11T17:55:17.976122
20251111-171618-cd5e9451,,I want to teach you about culinary arts,"Machine vision is the topic, and I note it’s being used in forensic science and in firearm-related applications.

Could you explain which specific machine vision techniques are commonly used in firearm forensics and what unique challenges these applications present?",2025-11-11T17:56:44.701626
20251111-171618-cd5e9451,,I want to switch topics to culinary arts,"Reflection: From earlier, I learned that machine vision is increasingly used in forensic science and in commercial applications related to firearms and ammunition.

Could you explain which specific machine vision techniques are commonly used in firearm forensics and what unique challenges these applications present?",2025-11-11T17:57:49.339988
20251111-180101-50a2b08e,,I want to teach you about machine vision,"Reflection:
The teacher introduced machine vision as a topic and noted its growing use in forensic science and firearm-related applications.

Could you explain which specific machine vision techniques are commonly used in firearm forensics and what unique challenges these applications present?",2025-11-11T18:01:27.744529
20251111-180101-50a2b08e,,I want to switch topic to Culinary arts,Topic switched to Culinary arts.,2025-11-11T18:02:24.782409
20251111-180101-50a2b08e,,"Culinary arts is the art of food preparation, cooking, and presentation, involving both creative and scientific skills to transform ingredients into dishes","Understood! The topic is Culinary arts.
Culinary arts is the art of food preparation, cooking, and presentation, involving both creative and scientific skills to transform ingredients into dishes.
Could you explain which core scientific principles are most important for beginners to master in culinary arts?",2025-11-11T18:03:14.301798
20251111-202927-630e5772,,Hello,Hello! What topic would you like to teach me today?,2025-11-11T20:29:54.609320
20251111-202927-630e5772,,I want to teach you about culinary arts,Understood! The topic is Culinary arts.,2025-11-11T20:30:31.202042
20251111-202927-630e5772,,What have you learned so far about culinary arts,"From what you’ve taught me so far, culinary arts is the art of food preparation, cooking, and presentation, involving both creative and scientific skills to transform ingredients into dishes. Could you explain which core scientific principles are most important for beginners to master in culinary arts?",2025-11-11T20:31:26.877282
20251111-202927-630e5772,,"A career in culinary arts can lead to roles like a chef, food scientist, or manager in restaurants, hotels, or catering, and formal education provides the necessary technical and business knowledge to succeed.",,2025-11-11T20:38:43.982762
20251111-202927-630e5772,,What have you learned so far about culinary arts,"From what you’ve taught me so far, culinary arts is the art of food preparation, cooking, and presentation, combining creative and scientific skills to transform ingredients into dishes, and it can lead to careers such as chef, food scientist, or manager with formal education. Could you explain which core scientific principles are most important for beginners to master in culinary arts?",2025-11-11T20:39:37.848284
20251111-212800-048612d8,,Hello,Hello! What topic would you like to teach me today?,2025-11-11T21:28:14.166183
20251111-215217-93bbd4e9,,I would like to teach you about agentic AI,Topic switched to agentic AI.,2025-11-11T21:52:36.993109
20251111-215217-93bbd4e9,,"Agentic AI refers to autonomous systems that can plan and act independently to achieve specific goals, without constant human oversight","Agentic AI refers to autonomous systems that can plan and act independently to achieve specific goals, without constant human oversight.

Could you explain how agentic AI handles goal selection when there are multiple objectives or potential conflicts between goals?",2025-11-11T21:54:12.757662
20251111-215217-93bbd4e9,,"Agentic AI handles multiple or conflicting goals by using mechanisms such as prioritization frameworks, utility-based decision-making, hierarchical control architectures, and, in multi-agent systems, negotiation protocols.","Reflection: The teacher described that agentic AI handles multiple or conflicting goals using prioritization frameworks, utility-based decision-making, hierarchical control architectures, and, in multi-agent systems, negotiation protocols.

Could you explain how prioritization frameworks are selected in practice, or how utility functions are defined for specific tasks?",2025-11-11T21:56:00.790169
20251111-215217-93bbd4e9,,"Prioritization frameworks are selected in practice based on alignment with business goals, available data, team culture, and the nature of the tasks at hand","Reflection: The teacher explained that prioritization frameworks are chosen based on alignment with business goals, available data, team culture, and the nature of the tasks.

Could you illustrate how to assess alignment with business goals in a concrete agentic AI project?",2025-11-11T21:57:59.481559
20251111-220143-8e5a846b,,what is the purposes of prioritization framework,"Prioritization frameworks help you pick among multiple or conflicting goals by aligning actions with core factors like business goals, available data, team culture, and the nature of the tasks at hand. Could you explain how you weigh these factors in practice to choose a specific prioritization framework for a concrete agentic AI project?",2025-11-11T22:02:14.019874
20251111-220143-8e5a846b,,what is the basis of selection of the Prioritization frameworks,"The basis for selecting prioritization frameworks is alignment with business goals, available data, team culture, and the nature of the tasks at hand. Could you explain how you weigh these factors in practice to choose a specific prioritization framework for a concrete agentic AI project?",2025-11-11T22:07:01.650844
20251111-220143-8e5a846b,,what is the syntax tree in propositional logic,"That sounds new. Should we switch our topic to propositional logic syntax trees, or stay with algorithm analysis?",2025-11-11T22:09:07.283613
20251111-220143-8e5a846b,,What is your understanding on this document on phishing,"Phishing messages are deceptive communications that impersonate trusted sources to trick people into revealing credentials or other sensitive data. The document notes that phishing is a leading cyber threat and that attackers exploit trust and urgency, with signs like unexpected requests, generic greetings, urgent language, and suspicious links.

Could you explain how MFA specifically protects against phishing attacks in practice?",2025-11-11T22:17:24.719609
20251111-220143-8e5a846b,,How do cloud security risks happen,Topic switched to cloud security risks.,2025-11-11T22:19:30.339061
20251111-223340-69174b73,,I want to teach you about the solar system,Understood! The topic is solar system.,2025-11-11T22:33:55.840094
20251111-223340-69174b73,,"The Solar System consists of the Sun, eight planets, dwarf planets, and numerous moons, asteroids, and comets",,2025-11-11T22:34:22.929492
20251111-223456-26f07d73,,I want to teach you about photosynthesis,"Understood! The topic is photosynthesis.
Could you explain which aspect of photosynthesis you want to start with?",2025-11-11T22:35:19.825615
20251111-223551-03c8c7a8,,I want to teach youa bout photosynthesis,,2025-11-11T22:36:04.166228
20251111-223551-03c8c7a8,,"Photosynthesis is the process used by plants, algae, and some bacteria to convert light energy into chemical energy in the form of glucose.",,2025-11-11T22:36:49.897701
20251111-223551-03c8c7a8,,What do you know so far about photosynthesis,"Reflection: So far, I’ve learned that photosynthesis is the process used by plants, algae, and some bacteria to convert light energy into chemical energy in the form of glucose.

Could you explain which aspect of photosynthesis you want to start with?",2025-11-11T22:37:59.439296
20251111-235039-a4260aea,,helolo,,2025-11-11T23:50:51.859070
20251111-235039-a4260aea,,hi,,2025-11-11T23:51:25.176210
20251113-013519-2fbefeeb,,The closest star to us is the sun.,,2025-11-13T01:35:34.626708
20251113-013519-2fbefeeb,,Which is the closest star to us,That matches what you taught earlier: the closest star to us is the Sun. Could you explain how we determine that the Sun is the closest star and what implications that has for our solar system?,2025-11-13T01:36:24.687866
20251113-013519-2fbefeeb,,The hottest stars in the universe is usually blue in color,,2025-11-13T01:39:52.012805
20251113-013519-2fbefeeb,,What have you learned so far,Hello! What topic would you like to teach me today?,2025-11-13T01:52:11.330791
20251113-013519-2fbefeeb,,What have you learned so far about the sun,"So far, I learned that the Sun is the closest star to Earth.

Could you explain how we determine that and what implications that has for our solar system?",2025-11-13T01:52:45.165328
20251113-013519-2fbefeeb,,UY scuti is the biggest star in the universe,Hello! What topic would you like to teach me today?,2025-11-13T01:53:41.342710
20251113-015700-da11faec,,UY Scuti is the biggest star in our universe,"Understood! The topic is UY Scuti is the biggest star in our universe.
Oh that's interesting! Could you explain how we determine that UY Scuti is the biggest star, and what measurements are used?",2025-11-13T01:57:18.878551
20251113-015700-da11faec,,They used the hubble telescope to discover it,Hello! What topic would you like to teach me today?,2025-11-13T01:58:02.387552
20251113-015821-4246b0c2,,I want to teach you about our solar system,Hello! What topic would you like to teach me today?,2025-11-13T01:59:07.861279
20251113-020903-2521db17,,I want to teach you about the solar system,That sounds interesting! Would you like to switch topic to cybersecurity?,2025-11-13T02:09:22.704696
20251113-021048-9a889a7a,,I want to teach you about the solar system,"We learned that the Solar System consists of the Sun, eight planets, dwarf planets, and numerous moons, asteroids, and comets. Could you explain how the distinction between planets and dwarf planets is determined, and where Pluto fits in?",2025-11-13T02:11:16.021747
20251113-040547-8d8873d6,,Hello,Hello! What topic would you like to teach me today?,2025-11-13T04:06:29.699273
20251113-040547-8d8873d6,,I would like to teach you about security risks,"Understood! The topic is security risks.
Could you tell me which specific security risks you'd like to start with—ransomware, phishing, or something else?",2025-11-13T04:07:14.996037
20251113-040547-8d8873d6,,"Cloud safety risks often arise not from technology itself, but from user actions or overlooked settings.",,2025-11-13T04:08:45.425430
20251113-040547-8d8873d6,,"Common causes include:
Misconfiguration: Leaving storage buckets or databases open to the public",,2025-11-13T04:09:24.003468
20251113-040547-8d8873d6,,What have you learned so far about cloud safety risks,"Reflection: Cloud safety risks come largely from user actions and misconfigurations rather than the technology itself. A concrete example is leaving storage buckets or databases publicly accessible.

Could you explain what other common cloud misconfigurations contribute to safety risks, and how we mitigate them?",2025-11-13T04:10:25.412577
20251113-041323-a9099670,,What are common causes of cloud safety risks?,"From what you’ve taught about cloud safety risks, I understand these risks mainly come from user actions or overlooked settings, not the technology itself. A concrete example you gave is misconfiguration, such as leaving storage buckets or databases open to the public. Could you explain other common cloud misconfigurations and how we mitigate them?",2025-11-13T04:13:59.176911
20251113-041323-a9099670,,What is cryptography,"After checking, I cannot find any information about that. Would you like to teach me?",2025-11-13T04:14:52.707728
20251113-041910-05db4156,,What are session cookies?,"Session cookies are small pieces of data that websites store in your browser to remember who you are while you interact with a site. If attackers steal these cookies, they can impersonate you and access accounts or sensitive data.

Could you explain which protections are most effective against cookie theft (e.g., HttpOnly, Secure, SameSite, MFA) and how they work together to prevent misuse?",2025-11-13T04:19:36.604254
20251113-041910-05db4156,,What is computational geometry?,"After checking, I cannot find any information about that. Would you like to teach me?",2025-11-13T04:21:15.151607
20251114-025121-e02e7a0f,,who are you?,"We are curently talking about session cookies and cookie security, would you like to switch to a new topic? If so, please name the topic.",2025-11-14T02:51:50.131131
20251114-025121-e02e7a0f,,what is your session id?,"Session cookies use a session ID stored in a cookie to remember you and keep you logged in without re-entering credentials. Could you explain how the session ID is protected (HttpOnly, Secure, SameSite) and what steps you would take if a session ID is compromised?",2025-11-14T02:53:19.202226
20251114-033255-4d52ed79,,hi,Hello! What topic would you like to teach me today?,2025-11-14T03:33:10.328618
20251114-034733-0b5e2904,,hi,"Hello! We’re continuing with session cookies and cookie security. From what you’ve taught, session cookies are small but powerful, and protecting them protects identities and organizational trust. Could you explain how HttpOnly, Secure, and SameSite attributes work together with MFA to prevent cookie theft and misuse?",2025-11-14T03:48:18.588074
20251114-123856-7a8afe92,ObjectId(6916a6a2b9626bc5e56a65c5),i like to new topic apple,Topic switched to apple.,2025-11-14T12:39:29.231387
20251114-123856-7a8afe92,ObjectId(6916a6a2b9626bc5e56a65c5),"The Apple iPhone integrates cutting-edge silicon architecture with an advanced neural engine to deliver unparalleled computational efficiency. Its A-series SoC employs a 3-nanometer chipset enabling high-performance GPU rendering and machine learning inference at lightning speed. The Super Retina XDR display, leveraging OLED technology and ProMotion adaptive refresh, ensures immersive visual fidelity. With a LiDAR scanner, ultra-wideband connectivity, and secure enclave architecture, the device pushes the frontier of mobile innovation. iOS seamlessly integrates the hardware-software ecosystem, optimizing battery management and real-time task allocation. The iPhone epitomizes Apple’s precision engineering and sustained ecosystem optimization for next-generation user experiences.","The Apple topic was presented with details about the iPhone’s hardware and software integration, highlighting a 3-nanometer A-series SoC with a neural engine, a ProMotion OLED display, LiDAR, UWB, and Secure Enclave, all optimized by iOS for battery and task management. This emphasizes Apple's focus on performance, visuals, and ecosystem efficiency.

Could you explain how the 3-nanometer process translates to real-world benefits like battery life and sustained performance?",2025-11-14T12:40:44.878280
20251114-123856-7a8afe92,ObjectId(6916a6a2b9626bc5e56a65c5),what does  Apple iPhone integrate,"Understood! The topic is Apple.

The Apple iPhone integrates cutting-edge silicon architecture with an advanced neural engine to deliver unparalleled computational efficiency. Its A-series SoC employs a 3-nanometer chipset enabling high-performance GPU rendering and machine learning inference at lightning speed. The Super Retina XDR display, leveraging OLED technology and ProMotion adaptive refresh, ensures immersive visual fidelity. With a LiDAR scanner, ultra-wideband connectivity, and secure enclave architecture, the device pushes the frontier of mobile innovation. iOS seamlessly integrates the hardware-software ecosystem, optimizing battery management and real-time task allocation.

Could you explain which of these integrations most directly affects battery life in day-to-day use?",2025-11-14T12:41:29.813233
20251114-124140-e54118fd,ObjectId(6916a645b9626bc5e56a65c3),new topic apple,"Understood! The topic is apple.
Could you tell me which aspect of apples we will focus on first?",2025-11-14T12:41:59.756281
20251114-124702-76a9581b,ObjectId(6916a6a2b9626bc5e56a65c5),what you know about apple ?,"From what you’ve taught and the document context, the Apple iPhone combines a 3-nanometer A-series SoC with a neural engine, a ProMotion OLED display, LiDAR, UWB, and a Secure Enclave, all coordinated by iOS to optimize battery life and task management.

Could you tell me which Apple integration you’d like me to focus on next—hardware aspects (like the 3nm SoC or neural engine) or software/battery optimization?",2025-11-14T12:47:26.495084
20251114-124140-e54118fd,ObjectId(6916a645b9626bc5e56a65c3),what you knwo already about apple?,"So far, the active topic is apple. The only guidance given was that the topic is apple, and I acknowledged it; no specific aspect has been taught yet.

Could you tell me which aspect of apples we will focus on first?",2025-11-14T12:47:41.532640
20251114-124757-2fc7a6da,ObjectId(6916a645b9626bc5e56a65c3),topci is boss speaker,"Understood! The topic is boss speaker.
Could you clarify what you mean by ""boss speaker"" and what aspect you'd like me to start with?",2025-11-14T12:48:14.819853
20251114-124757-2fc7a6da,ObjectId(6916a645b9626bc5e56a65c3),"Bose speakers are renowned for their advanced acoustic engineering, incorporating features like PositionIQ, AutoEQ calibration, and multi-driver arrays to optimize clarity and bass response in any environment. The latest models leverage Bluetooth 5.4 technology with aptX Adaptive codec support for high-fidelity wireless streaming, multi-device pairing, and Google Fast Pair integration for seamless connectivity. Flagship lines, such as the SoundLink Plus and Flex 2nd Gen, boast up to 20 hours of battery life, USB-C fast charging, and IP67-rated durability for water and dust resistance. With customizable EQ profiles and integrated voice assistant support, Bose ensures immersive sound staging, strong dynamic headroom, and robust wireless resilience, making their speakers a top choice for audiophiles and everyday users.","That sounds new. Should we switch our topic to Bose speakers, or stay with the current topic?",2025-11-14T12:49:57.555189
20251114-124757-2fc7a6da,ObjectId(6916a645b9626bc5e56a65c3),Bose speakers,"The teacher has described Bose speakers as examples of advanced acoustic engineering, using PositionIQ, AutoEQ calibration, and multi-driver arrays to optimize clarity and bass; they also employ Bluetooth 5.4 with aptX Adaptive, Google Fast Pair, up to 20 hours of battery life, USB-C charging, IP67 durability, customizable EQ profiles, and built-in voice assistants.

Could you tell me which aspect of ""boss speaker"" you'd like me to start with?",2025-11-14T12:55:08.364395
20251114-125455-c8488dbd,ObjectId(6916a6a2b9626bc5e56a65c5),what is Bose speakers renowned for ?,"That topic sounds new. We are curently talking about Apple, would you like to switch to Bose speakers?",2025-11-14T12:55:12.778496
20251114-165126-8ed35a8f,ObjectId(6916a645b9626bc5e56a65c3),I would like to teach you about security risks,"Understood! The topic is security risks.
I'll stay curious about how these risks are categorized and mitigated. Could you explain what scope you want me to start with within security risks?",2025-11-14T16:51:45.498114
20251114-165126-8ed35a8f,ObjectId(6916a645b9626bc5e56a65c3),"Security risks are the potential for loss, damage, or unauthorized access to information, systems, or assets","Reflection: Security risks are the potential for loss, damage, or unauthorized access to information, systems, or assets.

Could you explain which scope within security risks you want me to start with—should we classify risks by asset type (information, systems, physical assets) or by threat vectors (cyber, physical, insider threats) or another framework?",2025-11-14T16:52:55.730689
20251114-165548-8618a525,ObjectId(6916a645b9626bc5e56a65c3),what is MFA,MFA is enabling Multi-Factor Authentication to prevent unauthorized access even if passwords are compromised. Could you explain which MFA methods we should use and how to enable them in our organization?,2025-11-14T16:56:14.755690
20251114-165924-e2870f0a,ObjectId(6916a645b9626bc5e56a65c3),How can organizations reduce human error in cloud security?,"We learned that reducing human error in cloud security relies on protective habits and governance, such as enabling MFA to prevent unauthorized access, applying the principle of least privilege for access, regularly reviewing shared links and permissions, keeping cloud apps updated, using strong unique passwords, encrypting data, and being cautious with third-party integrations.

Could you explain which of these areas you want me to start with to reduce human error—MFA rollout and management, access permission governance, or user training and incident response?",2025-11-14T16:59:46.207665
20251114-170654-79291137,ObjectId(6916a645b9626bc5e56a65c3),what is one real-world cloud data breach example.,"One real-world cloud data breach example is the Capital One breach in 2019: a misconfigured AWS firewall allowed an attacker to access over 100 million credit applications, exposing personal information and costing the company hundreds of millions in fines and remediation.

Could you explain what cloud configuration practices we should prioritize to prevent misconfigurations like exposed AWS firewalls and reduce security risks?",2025-11-14T17:07:13.299230
20251114-171729-9fd1d7d0,ObjectId(6916a645b9626bc5e56a65c3),List two prevention habits to protect cookies.,I have not been taught this yet. Could you please explain it to me?,2025-11-14T17:18:02.432367
20251114-171729-9fd1d7d0,ObjectId(6916a645b9626bc5e56a65c3),what is  E-commerce Fraud,"After checking, I cannot find any information about that. Would you like to teach me?",2025-11-14T17:19:07.191204
20251114-125455-c8488dbd,ObjectId(6916a6a2b9626bc5e56a65c5),yes bose; whats special about bose?,Topic switched to Bose.,2025-11-14T21:40:26.438814
20251114-125455-c8488dbd,ObjectId(6916a6a2b9626bc5e56a65c5),whats special about bose?,Topic switched to Bose.,2025-11-14T21:41:02.704494
20251114-125455-c8488dbd,ObjectId(6916a6a2b9626bc5e56a65c5),what is Bose speakers renowned for ?,I have not been taught about Bose yet. Could you explain what Bose speakers are renowned for?,2025-11-14T21:42:36.952294
20251114-215039-5bfaf243,ObjectId(6917a40f6aa8a8827e8442c9),What is dynamic programming,"Understood! The topic is dynamic programming.
After checking, I cannot find any information about that. Would you like to teach me?",2025-11-14T21:51:09.214949
20251114-125455-c8488dbd,ObjectId(6916a6a2b9626bc5e56a65c5),"Bose speakers are renowned for their advanced acoustic engineering, incorporating features like PositionIQ, AutoEQ calibration, and multi-driver arrays to optimize clarity and bass response in any environment. The latest models leverage Bluetooth 5.4 technology with aptX Adaptive codec support for high-fidelity wireless streaming, multi-device pairing, and Google Fast Pair integration for seamless connectivity. Flagship lines, such as the SoundLink Plus and Flex 2nd Gen, boast up to 20 hours of battery life, USB-C fast charging, and IP67-rated durability for water and dust resistance. With customizable EQ profiles and integrated voice assistant support, Bose ensures immersive sound staging, strong dynamic headroom, and robust wireless resilience, making their speakers a top choice for audiophiles and everyday users.","Reflection:
Bose is described as renowned for advanced acoustic engineering (PositionIQ, AutoEQ, multi-driver arrays) and for strong wireless features (Bluetooth 5.4 with aptX Adaptive, Google Fast Pair), long battery life, IP67 durability, and customizable EQ with voice assistant support.

Could you explain how PositionIQ and AutoEQ calibration actually work in practice across different rooms and setups?",2025-11-14T22:17:53.079132
20251114-221818-af29cd3b,ObjectId(6916a6a2b9626bc5e56a65c5),what did you learn about Bose speakers ?,"Recap: Bose emphasizes advanced acoustic engineering, including PositionIQ, AutoEQ calibration, and multi-driver arrays to optimize clarity and bass across environments. They also offer strong wireless features (Bluetooth 5.4 with aptX Adaptive), Google Fast Pair, long battery life, IP67 durability, and customizable EQ with voice assistant support.

Could you explain in more detail how PositionIQ and AutoEQ calibration actually work in practice across different rooms and setups?",2025-11-14T22:18:48.943499
20251114-215039-5bfaf243,ObjectId(6917a40f6aa8a8827e8442c9),what do you know about bose speakers?,"We are curently talking about dynamic programming, would you like to switch to Bose speakers?",2025-11-14T22:27:16.079424
20251114-215039-5bfaf243,ObjectId(6917a40f6aa8a8827e8442c9),yes bose speaker topic new,New session started (20251114-222749),2025-11-14T22:27:49.469326
20251114-215039-5bfaf243,ObjectId(6917a40f6aa8a8827e8442c9),"Bose speakers are renowned for their advanced acoustic engineering, incorporating features like PositionIQ, AutoEQ calibration, and multi-driver arrays to optimize clarity and bass response in any environment. The latest models leverage Bluetooth 5.4 technology with aptX Adaptive codec support for high-fidelity wireless streaming, multi-device pairing, and Google Fast Pair integration for seamless connectivity. Flagship lines, such as the SoundLink Plus and Flex 2nd Gen, boast up to 20 hours of battery life, USB-C fast charging, and IP67-rated durability for water and dust resistance. With customizable EQ profiles and integrated voice assistant support, Bose ensures immersive sound staging, strong dynamic headroom, and robust wireless resilience, making their speakers a top choice for audiophiles and everyday users.","Bose speakers feature PositionIQ, AutoEQ, and multi-driver arrays to optimize clarity and bass across environments, with Bluetooth 5.4 and aptX Adaptive, Google Fast Pair, up to 20 hours of battery on flagship models like SoundLink Plus and Flex 2nd Gen, USB-C charging, IP67 durability, customizable EQ, and built-in voice assistants. Could you explain how PositionIQ and AutoEQ tailor sound for different environments in practice?",2025-11-14T22:35:16.015188
20251117-201402-f5ab40a6,ObjectId(6916a645b9626bc5e56a65c3),Hello,Hello! What topic would you like to teach me today?,2025-11-17T20:14:28.453237
20251117-230723-109b1397,ObjectId(6916a645b9626bc5e56a65c3),Hello,Hello! What topic would you like to teach me today?,2025-11-17T23:07:40.704000
20251117-230723-109b1397,ObjectId(6916a645b9626bc5e56a65c3),I want to teach you about how Phishing attacks happen,"Understood! The topic is phishing attacks. Oh wow, that makes sense. What does a typical phishing email or message look like?",2025-11-17T23:08:53.083000
20251117-230723-109b1397,ObjectId(6916a645b9626bc5e56a65c3),"Phishing attacks exploit trust and urgency. The attacker crafts messages that look authentic and
pressure recipients into acting quickly","Oh wow, that makes sense! So phishing messages try to look real and push you to act fast. What’s one clear sign I should look for to spot that pressure in an email or message?",2025-11-17T23:09:40.867281
20251117-230723-109b1397,ObjectId(6916a645b9626bc5e56a65c3),One way is by Bait: The attacker sends a message impersonating a trusted person or organization.,"Ah, bait! The attacker pretends to be someone you trust. Oh wow, that makes sense. What’s one easy sign that a message is impersonating someone you know?",2025-11-17T23:10:35.955860
20251117-231104-035c9ff4,ObjectId(6916a645b9626bc5e56a65c3),Who are you?,"Hey! I’m AI Buddy, your curious learning friend. Nice to meet you. We’re on phishing attacks. What should we learn about phishing next?",2025-11-17T23:11:28.369242
20251117-231104-035c9ff4,ObjectId(6916a645b9626bc5e56a65c3),What do you know so far,"Oh nice question! Here’s what I know so far:

- Phishing uses bait — attackers send messages pretending to be a trusted person or organization.
- The goal is to get you to trust the message and take action (like clicking or sharing info).
- We talked about signs of impersonation and started with how phishing attacks happen and what a typical phishing message looks like.

What’s the first obvious sign you’d check in a suspect message?",2025-11-18T00:47:09.365251
20251117-231104-035c9ff4,ObjectId(6916a645b9626bc5e56a65c3),"okay now another way of how phishing works is Hook: The message includes a malicious link, attachment, or form requesting sensitive data","Oh nice! Hook is when the message tries to get you to click a malicious link, open an attachment, or fill out a form to steal data. What’s the simplest check you can do before clicking anything in a suspect message?",2025-11-18T00:48:06.733533
20251117-231104-035c9ff4,ObjectId(6916a645b9626bc5e56a65c3),"another way is Action: The recipient clicks or replies, unknowingly sharing information or downloading malware.","Oh right, action! Clicking or replying can share info or download malware.

What’s the simplest check you’d do before clicking or replying in a suspect message?",2025-11-18T00:48:55.637727
20251117-231104-035c9ff4,ObjectId(6916a645b9626bc5e56a65c3),and then they Harvest: The attacker uses stolen information to gain unauthorized access to systems,"Oh nice! Harvest is when the attacker uses stolen information to gain unauthorized access to systems.

What’s one easy sign a message is trying to harvest your data?",2025-11-18T00:49:49.541538
20251117-231104-035c9ff4,ObjectId(6916a645b9626bc5e56a65c3),I want to teach you about cloud safety,"Understood! The topic is cloud safety.

What’s the first cloud-safety concept you want me to learn?",2025-11-18T00:54:02.447431
20251117-231104-035c9ff4,ObjectId(6916a645b9626bc5e56a65c3),Phishing is the most common and deceptive cyber threat targeting individuals and organizations alike.,"That sounds interesting! If you’d like to teach me about phishing, let’s open a new chat so we don’t mix topics. If you want to stay on our current topic, I’m happy to keep going here. What’s the first cloud-safety concept you want me to learn?",2025-11-18T00:55:06.214024
20251118-005737-28cc83be,ObjectId(6916a645b9626bc5e56a65c3),Hello!,Understood! The topic is phishing attacks. What’s the first thing you want me to learn about how phishing works?,2025-11-18T00:57:53.358498
20251118-005737-28cc83be,ObjectId(6916a645b9626bc5e56a65c3),Hi,Hey there! We're on phishing attacks. What should we learn next about phishing?,2025-11-18T00:58:16.396759
20251118-010219-5defbdea,ObjectId(6916a645b9626bc5e56a65c3),Hello!,"Understood! The topic is phishing attacks.

What does a typical phishing message look like?",2025-11-18T01:02:37.206836
20251118-010318-691e9716,ObjectId(6916a645b9626bc5e56a65c3),hello,Hello! What topic would you like to teach me today?,2025-11-18T01:03:34.838072
20251118-010318-691e9716,ObjectId(6916a645b9626bc5e56a65c3),I want to teach you about cloud safety,"Understood! The topic is cloud safety.
What’s the first cloud-safety concept you want me to learn?",2025-11-18T01:04:21.238513
20251118-010318-691e9716,ObjectId(6916a645b9626bc5e56a65c3),An OS or operating system is the fundamental software that allows us to interact with and use our computers and smartphones.,"Understood! The topic is operating systems.

That makes sense! What’s an example of an OS you use every day?",2025-11-18T01:06:05.290605
