id,user_id,agent_id,run_id,type,memory
172717f8-7ac8-4bad-b116-270116c4c24b,sree,general,20251110-225331-7f9d3bdf,short_term,
1acaad8f-7c8f-4b82-96a2-78d89e64bed2,sree,general,20251110-215008-43499a65,short_term,
21fd93dc-b7f5-474f-a7b3-9b5e05db689f,sree,general,20251110-215008-43499a65,short_term,
2db5f759-0ead-4bc5-a238-621405039fb1,sree,general,20251110-035105-5cb20620,short_term,
3094ea01-b4c6-407b-bb3b-2085ad1913b1,sree,general,20251110-215008-43499a65,short_term,
336bc246-7dc4-4bc3-8e8f-f2a93f4612a5,sree,general,20251110-225331-7f9d3bdf,short_term,
36b1d72c-7dd7-4218-b3b7-f6bc5bd041ed,sree,general,20251110-223100-f06a9d98,short_term,
3dd16b14-720b-4a3b-bed2-a4214355e15a,sree,general,20251110-231631-ec293606,short_term,
48fc927c-e1c5-48c2-a587-a4ba62d27d2d,sree,general,20251108-161250-9b1a3c89,short_term,
5170a4a7-3dc0-4b3b-b1dd-7011bf982e39,sree,general,20251110-215406-af226c0e,short_term,
52f44192-073e-4f8d-8e72-370ac755d0ed,sree,general,20251108-161250-9b1a3c89,short_term,
55d53831-52c9-4c1c-8ca6-cd47cb242704,sree,general,20251110-231407-78dbd77a,short_term,
56e60229-45ad-4f85-bbc7-094594944b24,sree,general,20251110-231631-ec293606,short_term,
5ffef7e5-ee5d-42bb-a659-d427bcb8149c,sree,general,20251110-225456-55d7a4ba,short_term,
600c72a2-a462-4adf-8f0e-c68c5618c1f4,sree,general,20251110-231519-601b3830,short_term,
6789cbc2-8d0c-45c0-95a7-dae403fdd228,sree,general,20251110-231519-601b3830,short_term,
69bd3100-3e22-4dd3-9f02-bcf603606adb,sree,general,20251110-231631-ec293606,short_term,
740c461d-101a-4092-a42a-1aa744ad9d48,sree,general,20251110-215008-43499a65,short_term,
7c8c2bc6-0db7-4e48-9c20-442d3fc1beae,sree,general,20251110-231519-601b3830,short_term,
7dc590e3-eccd-405b-9edc-9d7be6babb39,sree,general,20251108-161250-9b1a3c89,short_term,
82e4b6a9-9502-4ca0-b11b-6bf0853b4ed7,sree,general,20251110-224410-17345bd5,short_term,
82fb260e-5045-4af1-9601-537f3db03ffb,sree,general,20251111-002829-119d1ee3,short_term,
8a28319f-c6ad-4105-88a1-3b6b7f8b1172,sree,general,20251110-225456-55d7a4ba,short_term,
8ab5fafc-d38d-42dd-9578-a5fec6dbddaf,sree,general,20251110-223808-f49f43de,short_term,
8f5cf9a3-f798-44e9-99f4-a6db31b83871,sree,general,20251110-225331-7f9d3bdf,short_term,
96adc5c6-faeb-4e9d-a286-9854bd35c51e,sree,general,20251110-215406-af226c0e,short_term,
9beaa8fa-264c-4d77-be87-aacb22c85f53,sree,general,20251110-215008-43499a65,short_term,
a2940e65-aa12-4505-873d-a9bcacf951bd,sree,general,20251111-002829-119d1ee3,short_term,
a65aec42-e0ac-48e4-a0fb-ef8c15b7f1cf,sree,general,20251110-231631-ec293606,short_term,
a9bbbb54-9a12-443d-8a6e-0a55873e1fd6,sree,general,20251110-223513-4e6c8249,short_term,
b8702807-4a1e-450d-ae12-487de1cf9e0a,sree,general,20251110-231407-78dbd77a,short_term,
b936dcfa-3069-451f-8bd7-e9168bd16296,sree,general,20251110-231631-ec293606,short_term,
ce0b891c-e776-4e0c-98f7-31512dbbb558,sree,general,20251110-224410-17345bd5,short_term,
d1b83961-0bb9-47a0-960b-7903cff76c68,sree,general,20251110-215008-43499a65,short_term,
dac31242-8a30-4663-98da-6b2e215e9b72,sree,general,20251110-223808-f49f43de,short_term,
e3c6e0d7-47a7-40da-84b1-64a17d029f28,sree,general,20251110-231631-ec293606,short_term,
ea9d8362-c96e-4fa4-9dda-64e0e3896a58,sree,general,20251110-225002-3ced404e,short_term,
f4f9ad17-b172-424e-95b2-cc1264dae752,sree,general,20251110-225002-3ced404e,short_term,
fa7cb122-76f6-487c-9736-8b8f5346ef18,sree,general,20251110-223808-f49f43de,short_term,
fae1707c-62b2-40e8-9b48-f3de7bd2c79b,sree,general,20251111-171618-cd5e9451,short_term,
fd7bf1f6-c4f8-4129-9b7d-dfc5e9ea0c0f,sree,general,20251110-223513-4e6c8249,short_term,
