id,filename,text,content_type,uploaded_at
2b93dcb5-ccb8-4c4c-8113-97904d433db7,Cybersecurity_Training_Ransomware.pdf,"2. Real-World Examples / Case Stories
Case 1: The WannaCry Outbreak (2017)
The WannaCry ransomware affected over 200,000 computers in more than 150 countries. Hospitals in
the UK’s National Health Service were forced to cancel appointments, and the financial impact reached
hundreds of millions of dollars. It spread through a Windows vulnerability, emphasizing the importance
of timely system updates.
Case 2: The Colonial Pipeline Attack (2021)
A single compromised password led to one of the most disruptive attacks in U.S. history. Fuel delivery
across the East Coast was halted for days, creating shortages. The company paid $4.4 million in
ransom, though part of it was later recovered by the FBI.
Case 3: Small Business Impact
A local logistics firm with 25 employees fell victim to a ransomware email disguised as an invoice.
Within hours, all operational data was encrypted. The company lost a week of productivity and nearly
went bankrupt. This story shows ransomware can target anyone—no organization is too small to be a
victim.",application/pdf,2025-11-11T00:48:50.997623
3f51511a-2134-4408-a0ec-c37c052c4e75,Cybersecurity_Training_Ransomware.pdf,"4. Warning Signs & How to Recognize Them
Being alert to early signs can prevent major damage. Watch out for the following red flags:
 Suspicious emails requesting urgent action or containing unexpected attachments.  Misspellings or
incorrect sender addresses pretending to be known contacts.  System running unusually slow or
crashing repeatedly.  Pop-ups requesting permission to run unknown software.  Files renamed with
strange extensions or inaccessible documents.  Visible ransom note or desktop wallpaper replaced
with instructions to pay.",application/pdf,2025-11-11T00:48:50.997623
4c995438-96ba-4a45-a81b-5170b94fdab2,Cybersecurity_Training_Ransomware.pdf,"7. Policy Reminders / Organization Steps
Every organization should establish and follow clear cybersecurity policies. Key points include:
 Adhere to acceptable use and data protection policies.  Report all suspicious emails or behavior
immediately.  Participate in required cybersecurity training and refreshers.  Never share passwords or
reuse them across accounts.  Support organizational data backup and recovery protocols.

8. Reflection Questions / Checklists
Use these questions to evaluate your readiness against ransomware threats:
 When was the last time I backed up my data?  Could I identify a phishing email if I saw one today? 
Do I know whom to contact in my organization for security issues?  Have I reviewed the company’s
incident response plan?  Have I tested my recovery process recently?",application/pdf,2025-11-11T00:48:50.997623
7af528da-f321-4b9a-bdc8-df99a0e4c7d4,Cybersecurity_Training_Ransomware.pdf,"3. How Attacks Happen (Non-Technical)
Ransomware attacks generally follow a predictable pattern, though they vary in sophistication. Here’s a
simplified, non-technical breakdown of how they happen:
1. Infection vector: The attacker sends a deceptive email or link that looks legitimate. Clicking the link
downloads malicious software. 2. Execution: The malware installs silently and begins scanning for
valuable files. 3. Encryption: It encrypts local and shared drives, replacing file extensions with
unreadable ones. 4. Ransom demand: A message appears demanding payment, usually in
cryptocurrency, in exchange for a decryption key. 5. Threat of exposure: Many modern attacks also
threaten to leak stolen data if payment is not made.",application/pdf,2025-11-11T00:48:50.997623
8507a7a4-7bc2-407c-8e36-fddb7297190e,Cybersecurity_Training_Ransomware.pdf,"9. Quick Quiz
1. What is ransomware and what does it do? 2. What is one example of a real-world ransomware
attack? 3. How does ransomware typically enter a system? 4. What should you never do when infected
with ransomware? 5. List two effective prevention habits. 6. Why is data backup critical? 7. What is the
first action to take when you suspect infection? 8. Who should be notified after detecting an attack? 9.
What is the purpose of multi-factor authentication? 10. What can individuals do to contribute to
organizational cybersecurity?

10. Summary & Motivational Close
Cybersecurity is a shared responsibility. Ransomware continues to evolve, but with awareness,
vigilance, and consistent practice, we can stay ahead of the threat. Remember: every employee plays a
role in keeping data safe. Stay informed, stay cautious, and never underestimate the power of a single
secure decision.
Note: This content was AI-generated for demonstration and training purposes only and has not been
independently validated.",application/pdf,2025-11-11T00:48:50.997623
89ab413f-6ebf-4a33-ba5d-fcb009cec30b,Cybersecurity_Training_Ransomware.pdf,"Comprehensive Cybersecurity Training:
Understanding and Preventing Ransomware
1. Introduction and Why It Matters
Ransomware is one of the most pervasive and costly cyber threats of the 21st century. It is a form of
malicious software that locks, encrypts, or restricts access to data and demands payment for its
release. Attackers often target organizations that rely heavily on data continuity—such as hospitals,
schools, and corporations—because downtime can be devastating. In 2024 alone, global damages
caused by ransomware attacks exceeded $30 billion, highlighting the urgency of cybersecurity training
for all employees.
Ransomware matters because it exploits the human element—the weakest link in cybersecurity. While
advanced systems protect networks, a single careless click can lead to disaster. Understanding
ransomware empowers employees to serve as the first line of defense, protecting both personal and
organizational data integrity.",application/pdf,2025-11-11T00:48:50.997623
9ee455d2-4635-4f35-872d-1e4bda7263b1,Cybersecurity_Training_Ransomware.pdf,"5. Prevention Habits
Prevention is the best protection. Adopting consistent habits can drastically reduce your exposure to
ransomware threats:
 Think before you click: Always verify email sources before opening attachments.  Back up your
files: Maintain regular backups using cloud or offline drives.  Update regularly: Outdated systems are
vulnerable to exploitation.  Use multi-factor authentication (MFA): Prevent attackers from using
stolen passwords.  Install security updates promptly: Patches close vulnerabilities.  Be mindful of
USB devices: Avoid using unverified drives or media.  Limit administrative privileges: Use a
standard user account for daily work.

6. What to Do If It Happens
If you suspect ransomware infection, acting fast can minimize damage:
1. Disconnect from the internet immediately. 2. Notify your IT or cybersecurity team. 3. Do NOT pay the
ransom—it encourages further attacks and may not guarantee recovery. 4. Document what happened
(screenshots, ransom notes). 5. Restore data only from verified, clean backups. 6. Report the incident
to law enforcement and cybersecurity authorities.",application/pdf,2025-11-11T00:48:50.997623
